planet,file,planetil,dates
J,jo0001,jo0,1998-1998
J,jo0002,jo0,1999-2000
J,jo0003,jo0,1997-1999
J,jo0004,jo0,2000-2000
J,jo0005,jo0,1992-1993
J,jo0006,jo0,1999-1999
J,jo0007,jo0,2001-2001
J,jo0008,jo0,"1993,1998,2001-2002"
J,jo0011,jo0,1952-1952
J,jo0012,jo0,1967-1969
J,jo0013,jo0,1973-1973
J,jo0014,jo0,1989-1990
J,jo0015,jo0,1990-1992
J,jo0016,jo0,1994-1995
J,jo0017,jo0,1990-1992
J,jo0018,jo0,1992-1993
J,jo0019,jo0,2002-2002
J,jo0020,jo0,1980-1981
J,jo0021,jo0,2002-2003
J,jo0022,jo0,1993-2003
J,jo0023,jo0,2003-2003
J,jo0024,jo0,"1998-1998,2002-2002"
J,jo0027,jo0,2003-2003
J,jo0028,jo0,2003-2003
J,jo0029,jo0,"1951,1975-1976"
J,jo0030,jo0,1951-1951
J,jo0031,jo0,1968-1968
J,jo0032,jo0,1968-1968
J,jo0033,jo0,1999-2002
J,jo0034,jo0,2001-2005
J,jo0035,jo0,1986-2005
J,jo0036,jo0,2006-2006
J,jo0037,jo0,2006-2006
J,jo0038,jo0,1995-1998
J,jo0039,jo0,2006-2006
J,jo0040,jo0,2005-2006
J,jo0041,jo0,2007-2007
J,jo0042,jo0,2007-2007
J,jo0043,jo0,2007-2007
J,jo0044,jo0,2007-2007
J,jo0045,jo0,2008-2008
J,jo0046,jo0,2000-2008
J,jo0047,jo0,2008-2009
J,jo0048,jo0,2009-2011
J,jo0049,jo0,2010-2010
J,jo0050,jo0,"1996,2005,2009-2012"
J,jo0051,jo0,2010-2010
J,jo0052,jo0,"1914,1987,2010-2012"
J,jo0053,jo0,2012-2012
J,jo0054,jo0,2010-2015
J,jo0055,jo0,2014-2014
J,jo0056,jo0,1995-2014
J,jo0057,jo0,2013-2015
J,jo0058,jo0,2010-2010
J,jo0059,jo0,2014-2016
J,jo0060,jo0,2015-2016
J,jo0061,jo0,1906-1907
J,jo0062,jo0,2015-2018
J,jo0063,jo0,2017
J,jo0064,jo0,2017-2018
J,jo0065,jo0,"2011,2013,2017-2019"
J,jo0066,jo0,1987-1993
J,jo0067,jo0,2017-2019
J,jo0068,jo0,2020
J,jo0069,jo0,2014-2017
J,jo0070,jo0,"1986,2005-2022"
J,jo0071,jo0,2020-2021
J,jo0072,jo0,2016-2018
J,jo0073,jo0,2016-2018
J,jo0074,jo0,"1986,2006-2022"
J,jo0075,jo0,2010-2022
J,jo0076,jo0,2017
J,jo0077,jo0,2014-2019
J,jo0078,jo0,2015-2021
N,nm0001,nm0,2001-2001
N,nm0002,nm0,2001-2001
N,nm0003,nm0,1989-1994
N,nm0004,nm0,1995-1997
N,nm0005,nm0,1999-1999
N,nm0006,nm0,1999-1999
N,nm0007,nm0,1998-1999
N,nm0008,nm0,1984-1986
N,nm0009,nm0,1975-1977
N,nm0010,nm0,1979-1983
N,nm0011,nm0,1877-1877
N,nm0012,nm0,2001-2005
N,nm0013,nm0,2000-2002
N,nm0014,nm0,2005-2006
N,nm0016,nm0,1990-1990
N,nm0017,nm0,1986-1993
N,nm0018,nm0,1995-2007
N,nm0020,nm0,1970
N,nm0021,nm0,1875-1877
N,nm0022,nm0,1899-1901
N,nm0025,nm0,1939
N,nm0026,nm0,1940-1942
N,nm0027,nm0,1866-1868
N,nm0028,nm0,1883-1888
N,nm0029,nm0,1889
N,nm0030,nm0,1894-1897
N,nm0031,nm0,1896-1897
N,nm0032,nm0,1898-1898
N,nm0033,nm0,1897-1899
N,nm0034,nm0,"1898-1899,1901-1902"
N,nm0035,nm0,1898-1900
N,nm0036,nm0,1899-1900
N,nm0037,nm0,1904-1908
N,nm0039,nm0,1902-1903
N,nm0040,nm0,1903-1908
N,nm0041,nm0,1903-1922
N,nm0042,nm0,1847
N,nm0043,nm0,1908-1910
N,nm0044,nm0,1911
N,nm0045,nm0,"1912-1913,1918-1919"
N,nm0046,nm0,
N,nm0047,nm0,1920-1920
N,nm0048,nm0,1883-1884
N,nm0050,nm0,1848
N,nm0051,nm0,1847
N,nm0052,nm0,1849-1849
N,nm0053,nm0,"1849-1852,1856"
N,nm0054,nm0,1863
N,nm0055,nm0,1874
N,nm0056,nm0,1873
N,nm0057,nm0,1885-1886
N,nm0058,nm0,1899
N,nm0059,nm0,1896-1898
N,nm0060,nm0,1905-1906
N,nm0061,nm0,1905
N,nm0062,nm0,1894-1906
N,nm0063,nm0,1911-1912
N,nm0064,nm0,1909-1910
N,nm0065,nm0,1899-1920
N,nm0068,nm0,1892-1895
N,nm0069,nm0,1899-1901
N,nm0070,nm0,1923
N,nm0071,nm0,1884-1884
N,nm0072,nm0,1902-1903
N,nm0073,nm0,1886-1887
N,nm0074,nm0,1903-1905
N,nm0075,nm0,1928-1928
N,nm0076,nm0,1901-1903
N,nm0077,nm0,2000-2012
N,nm0078,nm0,2013-2014
N,nm0079,nm0,2001-2012
N,nm0080,nm0,"1899-1900,1902,1907"
N,nm0081,nm0,2014-2016
N,nm0083,nm0,1963-1990
N,nm0087,nm0,2014-2017
N,nm0089,nm0,2014-2019
N,nm1001,nm1,1993-1998
N,nm1002,nm1,1993-1998
N,nm1003,nm1,2001-2001
N,nm1004,nm1,2002-2002
N,nm1005,nm1,1949-1949
N,nm1006,nm1,1949-1969
N,nm1007,nm1,1977-1984
N,nm1008,nm1,1987-1987
N,nm1009,nm1,1987-1987
N,nm1010,nm1,2003-2003
N,nm1011,nm1,2004-2004
N,nm1012,nm1,2006-2006
N,nm1014,nm1,2002-2006
N,nm1015,nm1,2007-2007
N,nm1016,nm1,2007-2007
N,nm1017,nm1,2007-2008
N,nm1018,nm1,2008-2008
N,nm1020,nm1,2009-2009
N,nm1021,nm1,2009-2010
N,nm1022,nm1,2011-2011
N,nm1023,nm1,2011-2012
N,nm1024,nm1,1992-2014
N,nm1026,nm1,2000-2010
N,nm1027,nm1,2012-2014
N,nm1028,nm1,2013-2016
N,nm1029,nm1,2017-2017
N,nm1030,nm1,2018-2018
N,nm1031,nm1,2018-2018
N,nm1033,nm1,2018
N,nm1034,nm1,2014-2017
N,nm1035,nm1,2003-2021
N,nm1036,nm1,2014-2019
S,sm0001,sm0,1906-1906
S,sm0002,sm0,1908-1922
S,sm0003,sm0,1977-1977
S,sm0004,sm0,1977-1977
S,sm0005,sm0,1982-1982
S,sm0006,sm0,1983-1985
S,sm0007,sm0,1973-1974
S,sm0008,sm0,1986-1986
S,sm0009,sm0,1980-1980
S,sm0010,sm0,1973-1984
S,sm0011,sm0,1975-1981
S,sm0012,sm0,1976-1982
S,sm0013,sm0,1994-1995
S,sm0014,sm0,1994-1995
S,sm0015,sm0,1995-1996
S,sm0016,sm0,1996-1996
S,sm0017,sm0,1996-1996
S,sm0018,sm0,1995-1995
S,sm0019,sm0,1985-1993
S,sm0020,sm0,1982-1988
S,sm0021,sm0,1990-1994
S,sm0022,sm0,1995-1997
S,sm0023,sm0,1998-1999
S,sm0024,sm0,1999-1999
S,sm0025,sm0,1984-1984
S,sm0026,sm0,1984-1984
S,sm0027,sm0,1984-1984
S,sm0028,sm0,1984-1984
S,sm0029,sm0,1994-1999
S,sm0030,sm0,1995-2000
S,sm0031,sm0,1963-1984
S,sm0032,sm0,1976-1984
S,sm0033,sm0,1998-1998
S,sm0034,sm0,1874-1989
S,sm0035,sm0,1966-1989
S,sm0036,sm0,1874-1984
S,sm0037,sm0,1973-1986
S,sm0038,sm0,1990-1997
S,sm0039,sm0,1995-1995
S,sm0040,sm0,2001-2001
S,sm0041,sm0,1996-2000
S,sm0042,sm0,1999-2001
S,sm0043,sm0,2000-2001
S,sm0044,sm0,"1980,1995-1996"
S,sm0045,sm0,1995-1999
S,sm0046,sm0,1970-1972
S,sm0047,sm0,1990-1990
S,sm0048,sm0,1977-1977
S,sm0049,sm0,1999-2005
S,sm0050,sm0,2004-2006
S,sm0051,sm0,2006-2007
S,sm0052,sm0,1987-1997
S,sm0053,sm0,1995-2001
S,sm0054,sm0,1999-2007
S,sm0055,sm0,2002-2006
S,sm0056,sm0,1981-1981
S,sm0057,sm0,1990-1990
S,sm0058,sm0,"1972-1984,2004-2008"
S,sm0059,sm0,"1976,1995,2004-2005"
S,sm0060,sm0,1999-2008
S,sm0061,sm0,2008-2009
S,sm0062,sm0,2008-2009
S,sm0063,sm0,2000-2012
S,sm0064,sm0,1972-1973
S,sm0065,sm0,2013-2015
S,sm0066,sm0,2001-2012
S,sm0067,sm0,1974-1998
S,sm0068,sm0,2004-2012
S,sm0069,sm0,"1875,1877-1879,1882-1885"
S,sm0070,sm0,2009-2010
S,sm0072,sm0,2008-2009
S,sm0073,sm0,2005-2012
S,sm0074,sm0,1961-1990
S,sm0075,sm0,1972-1974
S,sm0076,sm0,1990-1992
S,sm0077,sm0,1990-1992
S,sm0078,sm0,2013-2016
S,sm0079,sm0,1961-1990
S,sm0080,sm0,1983-1990
S,sm0081,sm0,2019
S,sm0082,sm0,2019-2020
S,sm0083,sm0,2020
S,sm0084,sm0,1972-2007
S,sm0085,sm0,2014-2017
S,sm0087,sm0,2014-2019
S,so0001,so0,1968-1976
S,so0002,so0,1998-1998
S,so0003,so0,1998-1999
S,so0004,so0,1999-1999
S,so0005,so0,1995-1997
S,so0006,so0,1995-1997
S,so0007,so0,2000-2000
S,so0008,so0,2000-2000
S,so0009,so0,2001-2001
S,so0010,so0,2001-2001
S,so0011,so0,2001-2001
S,so0013,so0,2002-2002
S,so0014,so0,2002-2002
S,so0015,so0,2002-2003
S,so0016,so0,1998-2003
S,so0017,so0,2003-2003
S,so0018,so0,1998-1999
S,so0019,so0,1904-1989
S,so0020,so0,2003-2003
S,so0021,so0,2003-2003
S,so0022,so0,2004-2004
S,so0023,so0,2001-2005
S,so0024,so0,1994-2005
S,so0025,so0,2003-2005
S,so0026,so0,2005-2006
S,so0028,so0,2006-2006
S,so0029,so0,2005-2006
S,so0030,so0,2006-2007
S,so0031,so0,2007-2007
S,so0032,so0,2007-2007
S,so0033,so0,2008-2008
S,so0034,so0,2000-2009
S,so0035,so0,2008-2009
S,so0036,so0,2010-2011
S,so0037,so0,2010-2010
S,so0038,so0,2010-2011
S,so0040,so0,2012-2012
S,so0041,so0,2011-2014
S,so0042,so0,2000-2012
S,so0043,so0,2011-2014
S,so0044,so0,1996-2014
S,so0045,so0,2013-2014
S,so0046,so0,2002-2004
S,so0047,so0,2004-2004
S,so0048,so0,2015-2016
S,so0049,so0,2016-2017
S,so0050,so0,2019
S,so0051,so0,2014-2017
S,so0052,so0,"1982,2004-2021"
S,so0053,so0,2017-2019
S,so0054,so0,2014-2019
U,um0001,um0,1983-1988
U,um0002,um0,1989-1994
U,um0003,um0,1995-1998
U,um0004,um0,1999-1999
U,um0005,um0,2001-2001
U,um0006,um0,1998-1999
U,um0007,um0,1982-1998
U,um0008,um0,2003-2003
U,um0009,um0,1987-1994
U,um0010,um0,1987-1994
U,um0011,um0,1987-1994
U,um0012,um0,1990-1990
U,um0013,um0,1990-1991
U,um0014,um0,1926-1926
U,um0015,um0,1984-1986
U,um0016,um0,1975-1977
U,um0017,um0,1975-1975
U,um0018,um0,1979-1983
U,um0019,um0,1982-1985
U,um0020,um0,1981-1985
U,um0021,um0,1980-1980
U,um0022,um0,1977-1979
U,um0023,um0,1981-1981
U,um0024,um0,1980-1980
U,um0025,um0,1966-1967
U,um0026,um0,1949-1949
U,um0027,um0,1964-1977
U,um0028,um0,1947-1948
U,um0029,um0,1948-1973
U,um0030,um0,1948-1966
U,um0031,um0,1948-1964
U,um0032,um0,1847-1871
U,um0033,um0,1877-1877
U,um0034,um0,1977-1882
U,um0035,um0,1974-1974
U,um0036,um0,1966-1966
U,um0037,um0,1966-1966
U,um0038,um0,1927-1927
U,um0039,um0,1970-1971
U,um0040,um0,1973-1974
U,um0041,um0,1919-1922
U,um0042,um0,1968-1969
U,um0043,um0,1908-1925
U,um0044,um0,1883-1884
U,um0045,um0,1887-1887
U,um0046,um0,1900-1907
U,um0047,um0,1985-1986
U,um0048,um0,1894-1897
U,um0049,um0,1894-1895
U,um0050,um0,1896-1898
U,um0051,um0,1898-1901
U,um0052,um0,1903-1903
U,um0053,um0,1904-1914
U,um0054,um0,1900-1900
U,um0055,um0,1901-1901
U,um0056,um0,1902-1902
U,um0057,um0,1908-1910
U,um0058,um0,1908-1910
U,um0059,um0,1920-1922
U,um0060,um0,1876-1878
U,um0061,um0,1907-1918
U,um0062,um0,1880-1892
U,um0063,um0,1914-1914
U,um0064,um0,1911-1911
U,um0065,um0,1907-1907
U,um0066,um0,1904-1904
U,um0067,um0,1903-1903
U,um0068,um0,1913-1914
U,um0069,um0,1880-1880
U,um0070,um0,1875-1879
U,um0071,um0,1874-1874
U,um0072,um0,1872-1874
U,um0073,um0,1863-1865
U,um0074,um0,1856-1857
U,um0075,um0,1852-1853
U,um0076,um0,1849-1849
U,um0077,um0,1851-1851
U,um0078,um0,1863-1864
U,um0079,um0,1849-1849
U,um0080,um0,1847-1847
U,um0081,um0,1848-1848
U,um0082,um0,1866-1868
U,um0083,um0,1837-1837
U,um0084,um0,1787-1832
U,um0085,um0,2007-2011
U,um0086,um0,2007-2011
U,um0087,um0,2008-2011
U,um0090,um0,2000-2012
U,um0101,um0,1999-2005
U,um0102,um0,2007-2008
U,um0103,um0,2007-2008
U,um0109,um0,2004-2004
U,um0110,um0,2004-2006
U,um0111,um0,2005-2005
U,um0112,um0,2005-2005
U,um0113,um0,2006-2006
U,um0114,um0,1992-1997
U,um0115,um0,2007-2007
U,um0116,um0,2007-2007
U,um0117,um0,2007-2007
U,um0118,um0,1990-1990
U,um0119,um0,2007-2008
U,um0120,um0,2007-2008
U,um0121,um0,1995-2007
U,um0122,um0,2013-2015
U,um0123,um0,2001-2009
U,um0124,um0,1982-1991
U,um0125,um0,1992-2011
U,um0126,um0,1883
U,um0127,um0,2008-2011
U,um0128,um0,2007-2016
U,um0130,um0,1963-1963
U,um0131,um0,2014-2016
U,um0132,um0,1979-1985
U,um0133,um0,1963-1990
U,um0134,um0,2015-2018
U,um0136,um0,2014-2016
U,um0137,um0,2014-2020
U,um0138,um0,1982-2011
